geo,approx_lat,approx_long
"Sabará, Brasil",-19.884526,-43.826722
"Brasília, Brazil",-15.794229,-47.882166
"Encarnacion, Paraguay",-27.252292,-55.913587
"Entre Ríos, Argentina",-31.774665,-60.495646
"Guarujá, Brasil",-23.994844,-46.256868
"Taboão da Serra, Brasil",-23.622876,-46.781665
"Caseros, Argentina",-34.609483,-58.563463
"Dominican Republic",18.735693,-70.162651
"Alto Parana, Paraguay",-25.607555,-54.961184
"São José dos Campos, Brasil",-23.223701,-45.900907
"Palmas, Brazil",-10.249091,-48.324286
"Central, Paraguay",-25.562811,-57.507991
"Benito Juárez, Quintana Roo",21.1399,-86.866398
"Curitiba, Brazil",-25.428954,-49.267137
"Rio de Janeiro, Brazil",-22.906847,-43.172896
"La Plata, Argentina",-34.920495,-57.953566
"Vitória, Brazil",-20.297618,-40.295777
"Bogotá, D.C., Colombia",4.710989,-74.072092
"Lucas do Rio Verde, Brasil",-13.064847,-55.919321
"El Salvador",13.794185,-88.89653
"Misiones, Argentina",-27.426925,-55.946708
"Asuncion, Paraguay",-25.26374,-57.575926
"Montevideo, Uruguay",-34.901113,-56.164531
"San Luis Potosí, México",22.15647,-100.985541
"San Miguel, Peru",-12.077493,-77.093402
"La Costa, Argentina",-36.737612,-56.685059
"Córdoba, Argentina",-31.420083,-64.188776
"Tarímbaro, Michoacán de Ocampo",19.791176,-101.175893
"São Mateus, Brasil",-18.719144,-39.856744
"Mesquita, Brasil",-22.781945,-43.429318
"Paraguay",-23.442503,-58.443832
"Piura, Peru",-5.319709,-80.454903
"Mérida, Yucatán",20.96737,-89.592586
"Tlajomulco de Zúñiga, Jalisco",20.473687,-103.447931
"Durazno, Uruguay",-33.382298,-56.527551
"Recife, Brazil",-8.057838,-34.882897
"Sao Paulo, Brazil",-23.55052,-46.633309
"Tambaú, Brasil",-21.703402,-47.27079
"Maceió, Brazil",-9.649849,-35.708949
"Belford Roxo, Brasil",-22.764539,-43.399626
"Santa Fe, Argentina",-31.610658,-60.697294
"Belém, Brazil",-1.455755,-48.49018
"Castelo, Brasil",-20.603746,-41.203524
"Camerino Z. Mendoza, Veracruz de Ignacio de la Llave",18.804286,-97.184629
"Itapua, Paraguay",-26.792362,-55.668964
"Saint Kitts and Nevis",17.357822,-62.782998
"Cosmópolis, Brasil",-22.642392,-47.193026
"Cariacica, Brasil",-20.26431,-40.420302
"Caguas, Puerto Rico",18.2388,-66.035249
"Santa Teresa, Brasil",-22.919121,-43.190733
"Sorocaba, Brasil",-23.50153,-47.45256
"Las Piedras, USA",33.757669,-111.914242
"Bauru, Brasil",-22.314459,-49.058695
"Corrientes, Argentina",-27.469213,-58.830635
"Araraquara, Brasil",-21.784827,-48.178649
"Praia Grande, Brasil",-24.008873,-46.412503
"Valencia, Venezuela",10.157931,-67.99721
"Dr. Manuel Belgrano, Argentina",-24.092733,-65.42822
"Aparecida de Goiânia, Brasil",-16.820257,-49.247304
"Quirinópolis, Brasil",-18.447644,-50.45516
"Goiânia, Brazil",-16.686891,-49.264794
"Três Barras, Brasil",-26.124115,-50.312067
"Temapache, Veracruz de Ignacio de la Llave",21.070814,-97.642069
"San Juan de Lurigancho, Peru",-11.96893,-76.993984
"Bady Bassitt, Brasil",-20.916373,-49.448793
"Duque de Caxias, Brasil",-22.786298,-43.305311
"Nova Iguaçu, Brasil",-22.756132,-43.460742
"Colima, México",19.245234,-103.724087
"Niterói, Brasil",-22.885897,-43.115221
"Tietê, Brasil",-23.097216,-47.714458
"Ciudad Autónoma de Buenos Aires, Argentina",-34.603684,-58.381559
"Zárate, Argentina",-34.095781,-59.02423
"Corumbá, Brasil",-19.008169,-57.65155
"Panama",8.537981,-80.782127
"Venezuela",6.42375,-66.58973
"Nueva Esparta, Venezuela",10.997072,-63.91133
"Maringá, Brasil",-23.420999,-51.933056
"Tigre, Argentina",-34.425087,-58.579658
"Espumoso, Brasil",-28.724518,-52.844423
"Manaus, Brazil",-3.119027,-60.021731
"Belo Horizonte, Brazil",-19.916681,-43.934493
"Erechim, Brasil",-27.634908,-52.273736
"Chaco, Argentina",-27.425717,-59.024378
"Nova Lima, Brasil",-19.993048,-43.848557
"Araxá, Brasil",-19.590648,-46.944241
"Salvador, Brazil",-12.97304,-38.502304
"Iztacalco, Distrito Federal",19.394804,-99.097681
"Maricá, Brasil",-22.916099,-42.819192
"Brazil",-14.235004,-51.92528
"São Luís, Brazil",-2.53911,-44.282905
"Birigui, Brasil",-21.291505,-50.343631
"Neuquén, Argentina",-38.951678,-68.059189
"São Bernardo do Campo, Brasil",-23.689843,-46.564848
"Monte Carmelo, Brasil",-18.730712,-47.491667
"Hecelchakán, Campeche",20.181902,-90.135459
"Santa Isabel, Brasil",-23.317686,-46.22411
"Madre de Dios, Peru",-12.5986,-70.090584
"Lagoa Santa, Brasil",-19.630302,-43.898303
"Morelia, Michoacán de Ocampo",19.70595,-101.194982
"Colombo, Brasil",-25.292978,-49.226634
"Almirante Brown, Argentina",-34.828152,-58.386547
"São Gonçalo, Brasil",-22.827288,-43.063765
"Itajaí, Brasil",-26.910596,-48.670951
"Contagem, Brasil",-19.916151,-44.080876
"Cabo de Santo Agostinho, Brasil",-8.27944,-35.030422
"Honduras",15.199999,-86.241905
"Centro, Tabasco",17.991508,-92.934441
"Rio Pomba, Brasil",-21.268805,-43.182447
"Resistencia, Argentina",-27.451862,-58.985555
"Betim, Brasil",-19.967308,-44.20119
"Mococa, Brasil",-21.464924,-47.014529
"Tlalnepantla de Baz, México",19.534528,-99.190736
"UNIGRAN",-25.417168,-57.456053
"Nicaragua",12.865416,-85.207229
"Campo Grande, Brazil",-20.46971,-54.620121
"Rio Branco, Brazil",-9.975377,-67.824898
"Serra, Brasil",-20.121522,-40.30779
"Bolivia",-16.290154,-63.588653
"Toay, Argentina",-36.674059,-64.379369
"São Carlos, Brasil",-22.008708,-47.890926
"Três Pontas, Brasil",-21.369925,-45.511316
"Saint Barthélemy",17.9,-62.833333
"Uberlândia, Brasil",-18.914608,-48.27538
"Santos, Brasil",-23.967882,-46.328887
"Catanduvas, Brasil",-25.204834,-53.155331
"Lavras, Brasil",-21.248487,-45.001375
"Barranquilla, Colombia",11.004107,-74.806981
"Criciúma, Brasil",-28.67277,-49.373377
"Guaraciaba, Brasil",-26.60468,-53.524831
"Mogi Guaçu, Brasil",-22.367939,-46.943245
"Anápolis, Brasil",-16.328546,-48.953403
"Nova Friburgo, Brasil",-22.288726,-42.53408
"Veracruz, Veracruz de Ignacio de la Llave",19.173773,-96.134224
"Buenos Aires, Argentina",-34.603684,-58.381559
"Avellaneda, Argentina",-34.661076,-58.366974
"Puebla, México",19.041297,-98.2062
"Cañuelas, Argentina",-35.049142,-58.759505
"Cruzeiro, Brasil",-22.573256,-44.969389
"Jamaica",18.109581,-77.297508
"Paraíso, Tabasco",18.400614,-93.212716
"Japeri, Brasil",-22.643998,-43.660646
"Maracanaú, Brasil",-3.867413,-38.626111
"Salta, Argentina",-24.782127,-65.423198
"Limeira, Brasil",-22.566535,-47.397437
"Buri, Brasil",-23.798176,-48.596275
"Ponta Porã, Brasil",-22.523123,-55.724253
"Zamora Chinchipe, Ecuador",-4.065589,-78.950353
"Guaymallén, Argentina",-32.885004,-68.739345
"Coatzacoalcos, Veracruz de Ignacio de la Llave",18.134478,-94.458986
"Frutal, Brasil",-20.026376,-48.935994
"Victoria, Guanajuato",21.21146,-100.216083
"Viedma, Argentina",-40.811909,-62.996204
"Florianópolis, Brazil",-27.595378,-48.54805
"Penha, Brasil",-26.775917,-48.647001
"Posadas, Argentina",-27.362137,-55.900875
"Ciudad del Libertador General San Martín, Argentina",-34.575951,-58.53727
"Formosa, Brasil",-15.540441,-47.33743
"Recreio, Brasil",-21.529386,-42.468005
"São Valentim do Sul, Brasil",-29.053011,-51.770811
"Jaboatão dos Guararapes, Brasil",-8.172166,-34.998683
"Santa Fé, Argentina",-31.610658,-60.697294
"Angra dos Reis, Brasil",-23.005735,-44.315759
"Cabo Frio, Brasil",-22.886901,-42.026649
"Porto Alegre, Brazil",-30.034647,-51.217658
"Petrópolis, Brasil",-22.51125,-43.177931
"Lanús Oeste, Argentina",-34.699479,-58.39208
"Quissamã, Brasil",-22.103596,-41.46965
"La Rioja, Argentina",-29.413454,-66.856458
"Paranaguá, Brasil",-25.516572,-48.522997
"Santiago de Tolú, Colombia",9.527515,-75.581273
"Centro de Canoas",-29.914771,-51.182069
"São Gabriel, Brasil",-30.334177,-54.322195
"Ecuador",-1.831239,-78.183406
"Guadalajara, Jalisco",20.659699,-103.349609
"Novo Gama, Brasil",-16.059636,-48.042099
"São Bento do Sul, Brasil",-26.250036,-49.383557
"Viña del Mar, Chile",-33.015348,-71.550028
"Colonia, Uruguay",-34.264247,-57.610678
"Valparaíso de Goiás, Brasil",-16.06553,-47.976112
"Rosario, Argentina",-32.944243,-60.650539
"Paraná, Argentina",-31.74132,-60.511547
"San Miguel de Tucumán, Argentina",-26.808285,-65.21759
"Ciudad Valles, San Luis Potosí",22.002571,-99.001842
"Alfenas, Brasil",-21.426113,-45.948161
"Zapopan, Jalisco",20.671956,-103.416501
"Balneário Camboriú, Brasil",-26.993094,-48.635628
"Volta Redonda, Brasil",-22.507767,-44.094613
"Tramandaí, Brasil",-29.984639,-50.132682
"San Nicolás de los Arroyos, Argentina",-33.333467,-60.211049
"Joinville, Brasil",-26.304408,-48.846383
"Querétaro, Querétaro Arteaga",20.588793,-100.389888
"Dorado, Puerto Rico",18.458835,-66.267668
"Lima, Peru",-12.046374,-77.042793
"San Borja, Peru",-12.097283,-76.995104
"Mendoza, Argentina",-32.889459,-68.845839
"Tampico, Tamaulipas",22.233104,-97.861099
"Mar del Plata, Argentina",-38.005477,-57.542611
"Uruguay",-32.522779,-55.765835
"Itaguaí, Brasil",-22.863192,-43.777909
"Neiva, Colombia",2.934484,-75.2809
"Bezerros, Brasil",-8.241496,-35.757066
"Chapecó, Brasil",-27.100934,-52.615699
"Santo André, Brasil",-23.674223,-46.5436
"Itararé, Brasil",-24.108937,-49.335686
"Uberaba, Brasil",-19.747367,-47.939154
"Ilhéus, Brasil",-14.793505,-39.04638
"Mogi das Cruzes, Brasil",-23.521313,-46.185853
"Puntarenas, Costa Rica",9.977844,-84.829421
"Apucarana, Brasil",-23.550438,-51.463972
"La Calera, Argentina",-31.353341,-64.341217
"Magé, Brasil",-22.656602,-43.039834
"Jacarezinho, Brasil",-23.157939,-49.97772
"Viamão, Brasil",-30.072216,-51.096957
"Candelaria, Colombia",3.414112,-76.348857
"Suzano, Brasil",-23.545321,-46.311625
"Umuarama, Brasil",-23.766106,-53.32061
"Dionísio, Brasil",-19.841345,-42.776527
"Guarapari, Brasil",-20.67412,-40.499738
"Itapetininga, Brasil",-23.589095,-48.048785
"Zamora, Michoacán de Ocampo",19.990177,-102.283408
"Mineiros, Brasil",-17.562441,-52.548921
"Porto Velho, Brazil",-8.76116,-63.90043
"Ituzaingó Centro, Argentina",-34.4575,-58.91185
"Canoas, Brasil",-29.913258,-51.186192
"Montalva, USA",37.248827,-122.03158
"Arapoti, Brasil",-24.145361,-49.826826
"Santa Rosa, Argentina",-36.620922,-64.291237
"São José do Rio Preto, Brasil",-20.811761,-49.376227
"São Vicente, Brasil",-23.960766,-46.39608
"João Pessoa, Brazil",-7.119496,-34.845012
"San Martín de los Andes, Argentina",-40.15721,-71.352444
"Punto Fijo, Venezuela",11.711511,-70.181302
"Chazuta, Peru",-6.573351,-76.137755
"Calama, Chile",-22.454392,-68.929382
"Franca, Brasil",-20.539329,-47.401344
"Tucumán, Argentina",-26.808285,-65.21759
"Três Coroas, Brasil",-29.515375,-50.779144
"Vila Velha, Brasil",-20.347782,-40.294953
"Campinas, Brasil",-22.909938,-47.062633
"Araras, Brasil",-22.360491,-47.379839
"Maracay, Venezuela",10.244193,-67.606616
"Montes Claros, Brasil",-16.728641,-43.858214
"Santo Tomé, Argentina",-31.662219,-60.761634
"Xaxim, Brasil",-26.956061,-52.536007
"Cascavel, Brasil",-24.957777,-53.459511
"Guatemala",15.783471,-90.230759
"São José dos Pinhais, Brasil",-25.531835,-49.203572
"São João de Meriti, Brasil",-22.790766,-43.369936
"San José, Costa Rica",9.928069,-84.090725
"San Carlos de Bariloche, Argentina",-41.133472,-71.310278
"González Catán, Argentina",-34.76272,-58.63008
"Cuiabá, Brazil",-15.601411,-56.097892
"Jaru, Brasil",-10.432223,-62.479292
"Natal, Brazil",-5.779257,-35.200916
"Fortaleza, Brazil",-3.731862,-38.52667
"Curvelo, Brasil",-18.753205,-44.430673
"Pontal do Paraná, Brasil",-25.69724,-48.475977
"Caxambu, Brasil",-21.977954,-44.933131
"Cerro Largo, Brasil",-28.147053,-54.730195
"Presidente Prudente, Brasil",-22.121126,-51.393006
"Petare, Venezuela",10.470452,-66.799265
"Balcarce, Argentina",-37.846407,-58.255458
"San Luis, Argentina",-33.301727,-66.337752
"Foz do Iguaçu, Brasil",-25.516336,-54.585376
"Macapá, Brazil",0.035574,-51.070535
"Plottier, Argentina",-38.947567,-68.22885
"Independencia, Peru",-11.992921,-77.051817
"Colatina, Brasil",-19.526263,-40.635118
"Santo Domingo, Ecuador",-0.238904,-79.177427
"Lomas de Zamora, Argentina",-34.761182,-58.430248
"José María Ezeiza, Argentina",-34.57534,-58.508476
"Alajuela, Costa Rica",10.391583,-84.438272
"Carmo, Brasil",-21.931452,-42.605043
"Luruaco, Colombia",10.60959,-75.142287
"Barueri, Brasil",-23.511369,-46.872942
"Mar de Ajó, Argentina",-36.72325,-56.675018
"Viçosa, Brasil",-20.754866,-42.878579
"Rio Brilhante, Brasil",-21.804701,-54.543269
"Cruzeiro do Oeste, Brasil",-23.783456,-53.07628
"Paysandú, Uruguay",-32.31129,-58.07577
"Cuauhtémoc, Distrito Federal",19.435634,-99.149511
"Itaperuna, Brasil",-21.200158,-41.880306
"Nilópolis, Brasil",-22.809849,-43.419392
"Yopal, Colombia",5.348903,-72.400523
"Villa Soldati, Argentina",-34.670752,-58.445874
"Matinhos, Brasil",-25.811662,-48.536231
"Rada Tilly, Argentina",-45.924582,-67.552905
"Pato Branco, Brasil",-26.22972,-52.671136
"Novo Hamburgo, Brasil",-29.688048,-51.133338
"Lagoa da Prata, Brasil",-20.027225,-45.535343
"Palhoça, Brasil",-27.64602,-48.670141
"Callao, Peru",-12.050849,-77.125984
"Morón, Argentina",-34.655861,-58.616721
"Medellín, Colombia",6.244203,-75.581212
"Ituverava, Brasil",-20.33452,-47.792135
"Santiago, Dominican Republic",19.479196,-70.693057
"Venâncio Aires, Brasil",-29.614802,-52.193677
"Chulucanas, Peru",-5.093626,-80.159604
"Prata, Brasil",-19.310151,-48.92773
"Comas, Peru",-11.92998,-77.053541
"Santa Helena de Goiás, Brasil",-17.811975,-50.598125
"Salto, Uruguay",-31.385499,-57.960079
"Centro de la Ciudad de México, Cuauhtémoc",19.430268,-99.137314
"Formosa, Argentina",-26.185777,-58.175567
"Planalto, Brasil",-23.699272,-46.570104
"Oaxaca, México",17.059417,-96.721622
"Paracambi, Brasil",-22.608306,-43.711255
"Peru",-9.189967,-75.015152
"Mexico",23.634501,-102.552784
"Pérola, Brasil",-23.802683,-53.679991
"Mercedes, Argentina",-34.65102,-59.4306
"Caxias do Sul, Brasil",-29.163403,-51.179668
"Araguaína, Brasil",-7.192773,-48.204827
"Salto, Brasil",-23.20008,-47.293538
"Oaxaca de Juárez, Oaxaca",17.059417,-96.721622
"Esmeraldas, Brasil",-19.807304,-44.181518
"Chubut, Argentina",-43.293425,-65.111482
"San Felipe Orizatlán, Hidalgo",21.16907,-98.613319
"Paulista, Brasil",-7.918455,-34.820956
"Sooretama, Brasil",-19.190248,-40.097699
"Mendiolaza, Argentina",-31.26667,-64.300011
"General Rodríguez, Argentina",-34.602089,-58.952129
"Casimiro de Abreu, Brasil",-22.483672,-42.201543
"Vazante, Brasil",-17.992507,-46.903465
"Araçatuba, Brasil",-21.202854,-50.453679
"Vassouras, Brasil",-22.407457,-43.661399
"Pirassununga, Brasil",-21.996465,-47.426194
"Rio Grande, Brasil",-32.035378,-52.10758
"Rio das Ostras, Brasil",-22.5273,-41.946394
"Águas de Lindóia, Brasil",-22.48036,-46.633882
"Jesús María, Aguascalientes",21.963396,-102.343524
"San Fernando, Argentina",-34.443062,-58.557964
"San Rafael, Argentina",-34.612892,-68.339062
"Dourados, Brasil",-22.223561,-54.812549
"Piracicaba, Brasil",-22.734286,-47.648064
"Jandira, Brasil",-23.528028,-46.902763
"Lençóis Paulista, Brasil",-22.603174,-48.804144
"San Juan, USA",26.189241,-98.155287
"Água Santa, Brasil",-28.202185,-52.04273
"San José, Uruguay",-34.339427,-56.71316
"Juiz de Fora, Brasil",-21.762424,-43.3434
"Assis Chateaubriand, Brasil",-24.406688,-53.514242
"Wanchaq, Peru",-13.534691,-71.949026
"Argentina",-38.416097,-63.616672
"Rafaela, Argentina",-31.252598,-61.491642
"Cuernavaca, Morelos",18.92421,-99.221566
"Tequisquiapan, Querétaro Arteaga",20.518733,-99.885059
"Las Condes, Chile",-33.408784,-70.567069
"Muaná, Brasil",-1.530472,-49.219168
"Hualpén, Chile",-36.786676,-73.109953
"São José, Brasil",-27.614079,-48.637086
"Pedro Leopoldo, Brasil",-19.6189,-44.040498
"Blumenau, Brasil",-26.916579,-49.071733
"Moreira Sales, Brasil",-24.044197,-53.006623
"Arcos, Brasil",-20.287773,-45.539695
"Botucatu, Brasil",-22.884181,-48.444165
"Chiclayo, Peru",-6.776597,-79.844298
"Açailândia, Brasil",-4.953936,-47.503077
"Ibitinga, Brasil",-21.756708,-48.832362
"Armação dos Búzios, Brasil",-22.756391,-41.889042
"Macaé, Brasil",-22.38367,-41.782746
"Bolívar, Venezuela",6.358522,-63.580611
"Ipatinga, Brasil",-19.470757,-42.548012
"Concepción, Chile",-36.820135,-73.04439
"Turvo, Brasil",-28.927804,-49.682035
"La Perla, Peru",-12.073738,-77.118441
"São José do Rio Pardo, Brasil",-21.59577,-46.887745
"Itaboraí, Brasil",-22.757002,-42.864317
"Santa Bárbara d'Oeste, Brasil",-22.755742,-47.414759
"Guaynabo, Puerto Rico",18.35745,-66.111
"Quito, Ecuador",-0.180653,-78.467838
"Ribeirão Preto, Brasil",-21.170401,-47.810324
"Coronel Oviedo, Paraguay",-25.400442,-56.449592
"Marcos Juárez, Argentina",-32.697856,-62.105798
"Toledo, Brasil",-24.725115,-53.741684
"San Cristóbal, Venezuela",7.771357,-72.226147
"Casilda, Argentina",-33.044522,-61.165021
"Valledupar, Colombia",10.474245,-73.243633
"Turabo, Puerto Rico",18.202454,-66.052301
"Lauro de Freitas, Brasil",-12.882057,-38.31482
"Cartagena, Colombia",10.391049,-75.479426
"Campo Mourão, Brasil",-24.043655,-52.37811
"Haiti",18.971187,-72.285215
"Ananindeua, Brasil",-1.364272,-48.374721
"Correntina, Brasil",-13.342554,-44.635723
"Osasco, Brasil",-23.532881,-46.792003
"Tuxtla Gutiérrez, Chiapas",16.751601,-93.102994
"Boa Vista, Brazil",2.82351,-60.675833
"Dzilam González, Yucatán",21.280177,-88.928846
"Pelotas, Brasil",-31.765399,-52.337589
"Carapicuíba, Brasil",-23.523962,-46.841124
"Tezoyuca, México",18.805051,-99.203902
"Chapala, Jalisco",20.305158,-103.184602
"Atizapán de Zaragoza, México",19.556228,-99.267471
"Manatí, Puerto Rico",18.433005,-66.475858
"Barbosa Ferraz, Brasil",-24.027401,-52.004841
"Boca del Río, Veracruz de Ignacio de la Llave",19.106273,-96.10632
"Linhares, Brasil",-19.394665,-40.065264
"Tantoyuca, Veracruz de Ignacio de la Llave",21.351062,-98.226766
"Marabá, Brasil",-5.381136,-49.133102
"Guarulhos, Brasil",-23.454315,-46.533652
"Pará de Minas, Brasil",-19.860014,-44.607532
"Grecia, Costa Rica",10.073946,-84.314757
"Esparza, Costa Rica",9.990692,-84.667374
"Vicente López, Argentina",-34.52812,-58.473816
"Barra do Jacaré, Brasil",-23.116521,-50.184636
"Ciudad Madero, Tamaulipas",22.247504,-97.848122
"Pilar, Argentina",-34.455906,-58.908329
"Zaragoza, El Salvador",13.586081,-89.291847
"Baixo Guandu, Brasil",-19.509787,-41.016559
"Ecatepec de Morelos, México",19.601841,-99.050674
"Divinópolis, Brasil",-20.145126,-44.891645
"Camocim de São Félix, Brasil",-8.361506,-35.763074
"Santo Antônio do Monte, Brasil",-20.085901,-45.29571
"Mauá, Brasil",-23.668163,-46.461709
"Navegantes, Brasil",-26.894792,-48.655069
"Jiutepec, Morelos",18.895487,-99.173294
"El Mante, Tamaulipas",22.522283,-98.791351
"Ijuí, Brasil",-28.388533,-53.920485
"Chajarí, Argentina",-30.757275,-57.991619
"Mongaguá, Brasil",-24.107525,-46.680192
"Acapulco de Juárez, Guerrero",16.853109,-99.823653
"Vespasiano, Brasil",-19.688806,-43.924312
"Martínez de la Torre, Veracruz de Ignacio de la Llave",20.061513,-97.054526
"Campana, Argentina",-34.163335,-58.959264
"Americana, Brasil",-22.737846,-47.333569
"Araruama, Brasil",-22.863619,-42.333631
"Sitionuevo, Colombia",10.77525,-74.71955
"Itaúna, Brasil",-20.082278,-44.580531
"Altamira, Brasil",-3.198666,-52.210401
"Londrina, Brasil",-23.304452,-51.169582
"Santa Luzia, Brasil",-19.7884,-43.940234
"La Piedad, Michoacán de Ocampo",20.330737,-102.044385
"Timóteo, Brasil",-19.581568,-42.647531
"Riacho de Santana, Brasil",-13.606387,-42.940066
"Tibau do Sul, Brasil",-6.186815,-35.091864
"Sidrolândia, Brasil",-20.930669,-54.969721
"Valparaíso, Chile",-33.047238,-71.612688
"Bombinhas, Brasil",-27.151724,-48.491222
"Riohacha, Colombia",11.538415,-72.916784
"Carolina, El Salvador",13.846237,-88.305706
"Pato Bragado, Brasil",-24.627921,-54.226207
"Acolman, México",19.642061,-98.910737
"Álvaro Obregón, Distrito Federal",19.360533,-99.226707
"Ushuaia, Argentina",-54.801912,-68.302951
"Altamira, Tamaulipas",22.407746,-97.921155
"Itajubá, Brasil",-22.422971,-45.460251
"Sant'Ana do Livramento, Brasil",-30.877285,-55.53923
"Diamantina, Brasil",-18.247454,-43.601213
"Timbaúba, Brasil",-7.51203,-35.316864
"Itabira, Brasil",-19.624417,-43.231636
"Olímpia, Brasil",-20.737112,-48.911061
"Mendes, Brasil",-22.525473,-43.73121
"Mineral de la Reforma, Hidalgo",20.045819,-98.721176
"Sapucaia do Sul, Brasil",-29.828834,-51.144172
"Berisso, Argentina",-34.873067,-57.883717
"Várzea Grande, Brasil",-15.646248,-56.132713
"Santana, Brasil",-23.498181,-46.626331
"Calleria, Peru",-8.379287,-74.544864
"Santa Maria, Brasil",-29.687306,-53.815477
"Morona, Ecuador",-1.676788,-78.645378
"Caracas, Venezuela",10.480594,-66.903606
"Poza Rica de Hidalgo, Veracruz de Ignacio de la Llave",20.527059,-97.462912
"Taubaté, Brasil",-23.020456,-45.556355
"Comodoro Rivadavia, Argentina",-45.865615,-67.482243
"Cuautla, Morelos",18.812605,-98.954826
"Santa Rosa, Brasil",-27.870682,-54.480156
"Paulínia, Brasil",-22.765015,-47.150027
"Domingos Martins, Brasil",-20.360797,-40.65981
"Barquisimeto, Venezuela",10.067772,-69.347351
"San Isidro, Argentina",-34.470829,-58.52861
"Jujuy, Argentina",-24.185786,-65.299477
"Sumidouro, Brasil",-22.048956,-42.676556
"Cachoeirinha, Brasil",-29.947723,-51.102117
"Caucaia, Brasil",-3.728144,-38.661921
"San Andrés de Giles, Argentina",-34.442976,-59.447247
"Queimados, Brasil",-22.710668,-43.552226
"Bucaramanga, Colombia",7.119349,-73.122742
"Orleans, Brasil",-28.358643,-49.28824
"Pimentel, Peru",-6.832479,-79.929616
"Godoy Cruz, Argentina",-32.913867,-68.850044
"Timbó, Brasil",-26.825137,-49.26952
"Rio do Sul, Brasil",-27.216093,-49.643502
"Goiatuba, Brasil",-18.012787,-49.366608
"Concórdia, Brasil",-27.23395,-52.026467
"Salsipuedes, Argentina",-31.136896,-64.296433
"Sinop, Brasil",-11.860846,-55.509545
"Aurora, Brasil",-6.943107,-38.967505
"Cachoeira Paulista, Brasil",-22.6651,-45.011658
"Solidaridad, Quintana Roo",20.652303,-87.069627
"Monte Mor, Brasil",-22.94553,-47.312632
"Tianguá, Brasil",-3.730023,-40.992651
"Parnaíba, Brasil",-2.905545,-41.773363
"Juncos, USA",35.869449,-75.575157
"Ascurra, Brasil",-26.957609,-49.374835
"Dianópolis, Brasil",-11.624436,-46.820207
"Pirajuí, Brasil",-21.992932,-49.454704
"Cabo Rojo, USA",36.172195,-115.362572
"Mirassol, Brasil",-20.817346,-49.521071
"Sábalos, Puerto Rico",18.176588,-67.149327
"Salina Cruz, Oaxaca",16.184284,-95.208762
"Santo Antônio de Pádua, Brasil",-21.541532,-42.183559
"Coronel Fabriciano, Brasil",-19.518975,-42.628254
"Maldonado, Uruguay",-34.790552,-54.92077
"Villa de Álvarez, Colima",19.263763,-103.74609
"General San Martín, Argentina",-34.560506,-58.56581
"São José de Ribamar, Brasil",-2.550385,-44.070196
"Guanacaste, Costa Rica",10.62674,-85.443671
"Tafí Viejo, Argentina",-26.732479,-65.267029
"San isidro, Peru",-12.097183,-77.032585
"San Joaquín, Chile",-33.496202,-70.628336
"Caçapava, Brasil",-23.099696,-45.708082
"Trindade, Brasil",-16.65216,-49.493117
"Imbituba, Brasil",-28.227627,-48.669129
"Florencio Varela, Argentina",-34.796581,-58.276012
"Bonao, Dominican Republic",18.933033,-70.408481
"Carmen, Campeche",18.652712,-91.807514
"São Lourenço do Sul, Brasil",-31.36285,-51.981768
"General Pico, Argentina",-35.659324,-63.757789
"Galapagos, Ecuador",-0.953769,-90.965602
"Aracaju, Brazil",-10.947247,-37.073082
"Tabasco, México",17.840917,-92.618927
"José Azueta, Guerrero",17.647424,-101.54555
"Xalapa, Veracruz de Ignacio de la Llave",19.543775,-96.910181
"Guadeloupe",16.265,-61.551
"Agua Dulce, Veracruz de Ignacio de la Llave",18.142594,-94.143603
"Curaçao",12.16957,-68.99002
"Valle del Cauca, Colombia",3.800889,-76.641271
"Ensenada, Argentina",-34.864823,-57.908519
"Puerto Salgar, Colombia",5.467414,-74.652693
"Naucalpan de Juárez, México",19.463084,-99.245302
"Rio Paranaíba, Brasil",-19.198995,-46.236003
"Miraflores, Peru",-12.111062,-77.031591
"Jalpa de Méndez, Tabasco",18.174799,-93.070142
"Trujillo, Venezuela",9.35645,-70.43724
"Ocoyoacac, México",19.27248,-99.461553
"San Rafael del Yuma, Dominican Republic",18.429661,-68.675255
"São João, Brasil",-8.875221,-36.366189
"Seropédica, Brasil",-22.75308,-43.715901
"Campeche, México",19.830125,-90.534909
"Motul, Yucatán",21.098173,-89.279976
"La Reina, Chile",-33.441127,-70.534059
"Miranda, Venezuela",10.25093,-66.42715
"Mandaguari, Brasil",-23.516986,-51.687206
"Farroupilha, Brasil",-29.223187,-51.342362
"Maiquinique, Brasil",-15.622055,-40.264832
"Diadema, Brasil",-23.68184,-46.620967
"Jacareí, Brasil",-23.298783,-45.966254
"Rawson, Argentina",-43.299858,-65.099487
"Holambra, Brasil",-22.641,-47.049141
"Armería, Colima",18.981509,-104.092218
"Uruguaiana, Brasil",-29.761912,-57.085843
"Necochea, Argentina",-38.554497,-58.739609
"Araporã, Brasil",-18.436188,-49.185198
"Trinidad and Tobago",10.691803,-61.222503
"Banda, Argentina",-34.833987,-58.64707
"Itapevi, Brasil",-23.549265,-46.933196
"Antigua and Barbuda",17.060816,-61.796428
"Pihuamo, Jalisco",19.253737,-103.379602
"Muriaé, Brasil",-21.12914,-42.370225
"Campina Grande, Brasil",-7.229075,-35.880834
"Rimac, Peru",-12.027121,-77.036238
"Juchipila, Zacatecas",21.412102,-103.117544
"Araranguá, Brasil",-28.936119,-49.492301
"La Victoria, Venezuela",10.218625,-67.326501
"Rocha, Uruguay",-34.479014,-54.3353
"Huixquilucan, México",19.362165,-99.346499
"El Vigía, Venezuela",8.614427,-71.655469
"Alto Araguaia, Brasil",-17.31577,-53.218604
"Chillán, Chile",-36.606262,-72.102335
"Carolina, USA",38.174933,-86.718687
"Quilmes, Argentina",-34.720634,-58.254605
"Valinhos, Brasil",-22.970293,-46.997815
"Ponta Grossa, Brasil",-25.099425,-50.158322
"Iquitos, Peru",-3.743673,-73.251633
"Iguape, Brasil",-24.706975,-47.557453
"Candeias do Jamari, Brasil",-8.809846,-63.69655
"Zimapán, Hidalgo",20.738604,-99.381184
"León, Guanajuato",21.125008,-101.68596
"Eldorado, Brasil",-19.942234,-44.041335
"Votorantim, Brasil",-23.540286,-47.444598
"Maracaibo, Venezuela",10.654451,-71.714795
"Villa Gobernador Gálvez, Argentina",-33.02552,-60.633761
"Manzanillo, Colima",19.113809,-104.338462
"Colón, Argentina",-32.224933,-58.144714
"Santiago, Chile",-33.43783,-70.650449
"Venustiano Carranza, Distrito Federal",19.430607,-99.09499
"Rio Negrinho, Brasil",-26.249903,-49.518067
"Caraballeda, Venezuela",10.61354,-66.849888
"Plano Piloto de Brasília, Brasília",-15.793595,-47.882521
"São Leopoldo, Brasil",-29.754994,-51.150283
"Paracatu, Brasil",-17.217456,-46.872306
"Lagunillas, Venezuela",10.126545,-71.245844
"Santa Terezinha de Itaipu, Brasil",-25.445267,-54.401319
"Barranco, Peru",-12.143727,-77.019023